<?xml version="1.0" encoding="UTF-8"?>
<project-private xmlns="http://www.netbeans.org/ns/project-private/1">
    <editor-bookmarks xmlns="http://www.netbeans.org/ns/editor-bookmarks/2" lastBookmarkId="0"/>
    <open-files xmlns="http://www.netbeans.org/ns/projectui-open-files/2">
        <group>
            <file>file:/C:/Users/cexar/Documents/AntiDoping-master/src/Vista/Main.java</file>
            <file>file:/C:/Users/cexar/Documents/AntiDoping-master/src/Vista/FLogin.java</file>
            <file>file:/C:/Users/cexar/Documents/AntiDoping-master/src/Vista/FInicial.java</file>
            <file>file:/C:/Users/cexar/Documents/AntiDoping-master/src/Controlador/DBConection.java</file>
            <file>file:/C:/Users/cexar/Documents/AntiDoping-master/src/Vista/donantes.java</file>
            <file>file:/C:/Users/cexar/Documents/AntiDoping-master/src/Vista/FMenu.java</file>
            <file>file:/C:/Users/cexar/Documents/AntiDoping-master/src/Modelo/insertInto.java</file>
            <file>file:/C:/Users/cexar/Documents/AntiDoping-master/src/Vista/medicos.java</file>
        </group>
    </open-files>
</project-private>
